InvoiceNumber,Invoice Date,Company Name,Total Amount,Table
US-001,11/2/2019,East Repair Inc.,154.06,table
1010986,8/2/2012,Mary Jaggers PLC,1710,table
A246,3/15/2018,NOTARY,359.27,table
4,4/15/2014,Moontechnolabs(P)Ltd.,818,table
US-001,11/2/2019,East Repair Inc.,154.06,table
INV-3337,1/25/2016,Sliced,93.5,table
US-001,11/2/2019,East Repair Inc.,154.06,table
4,4/15/2014,Moontechnolabs(P)Ltd.,818,table
S.C.MEGA IMAGE S.R.L.,9/5/2019,18.9,table,
,,VAALJAPIE,135,table
US-001,11/2/2019,East Repair Inc.,154.06,table
1010986,8/2/2012,Mary Jaggers PLC,1710,table
A246,3/15/2018,NOTARY,359.27,table
4,4/15/2014,Moontechnolabs(P)Ltd.,818,table
US-001,11/2/2019,East Repair Inc.,154.06,table
INV-3337,1/25/2016,Sliced,93.5,table
US-001,11/2/2019,East Repair Inc.,154.06,table
4,4/15/2014,Moontechnolabs(P)Ltd.,818,table
