[{"DocumentTypeId":"Financial.Accounting.Receipt","Keywords":[{"Values":["Product"],"NumberOfTimesConfirmed":1,"LastUpdated":"2019-05-31T13:00:54.9132967+05:30"},{"Values":["London,"],"NumberOfTimesConfirmed":1,"LastUpdated":"2019-06-26T15:31:00.0100643+05:30"},{"Values":["MEGA-IMAGE"],"NumberOfTimesConfirmed":3,"LastUpdated":"2019-07-02T20:16:02.4353489+05:30"},{"Values":["MEGA IMAGE"],"NumberOfTimesConfirmed":7,"LastUpdated":"2019-09-05T15:35:06.76353+05:30"}]},{"DocumentTypeId":"Financial.Accounting.Invoice","Keywords":[{"Values":["INVOICE"],"NumberOfTimesConfirmed":88,"LastUpdated":"2019-09-05T15:46:47.9856428+05:30"}]}]
