﻿{
  "DataContractVersion": "1.0",
  "DocumentTypes": [
    {
      "DocumentTypeId": "Financial.Accounting.Invoice",
      "Group": "Financial",
      "Category": "Accounting",
      "Name": "Invoice",
      "OptionalUniqueIdentifier": null,
      "TypeField": {
        "FieldId": "Financial.Accounting.Invoice.DocumentType",
        "FieldName": "Document Type"
      },
      "Fields": [
        {
          "FieldId": "Financial.Accounting.Invoice.InvoiceNumber",
          "FieldName": "Invoice Number",
          "IsMultiValue": false,
          "Type": "Text",
          "DeriveFieldsFormat": "",
          "Components": [],
          "SetValues": []
        },
        {
          "FieldId": "Financial.Accounting.Invoice.Date",
          "FieldName": "Date",
          "IsMultiValue": false,
          "Type": "Date",
          "DeriveFieldsFormat": "",
          "Components": [],
          "SetValues": []
        },
        {
          "FieldId": "Financial.Accounting.Invoice.Issuer",
          "FieldName": "Issuer",
          "IsMultiValue": false,
          "Type": "Text",
          "DeriveFieldsFormat": "",
          "Components": [],
          "SetValues": []
        },
        {
          "FieldId": "Financial.Accounting.Invoice.TotalAmount",
          "FieldName": "Total Amount",
          "IsMultiValue": false,
          "Type": "Number",
          "DeriveFieldsFormat": "",
          "Components": [],
          "SetValues": []
        },
        {
          "FieldId": "Financial.Accounting.Invoice.Items",
          "FieldName": "Items",
          "IsMultiValue": false,
          "Type": "Table",
          "DeriveFieldsFormat": "",
          "Components": [
            {
              "FieldId": "Financial.Accounting.Invoice.Items.Description",
              "FieldName": "Description",
              "IsMultiValue": false,
              "Type": "Text",
              "DeriveFieldsFormat": "",
              "Components": [],
              "SetValues": []
            },
            {
              "FieldId": "Financial.Accounting.Invoice.Items.Quantity",
              "FieldName": "Quantity",
              "IsMultiValue": false,
              "Type": "Text",
              "DeriveFieldsFormat": "",
              "Components": [],
              "SetValues": []
            },
            {
              "FieldId": "Financial.Accounting.Invoice.Items.UnitPrice",
              "FieldName": "Unit Price",
              "IsMultiValue": false,
              "Type": "Text",
              "DeriveFieldsFormat": "",
              "Components": [],
              "SetValues": []
            },
            {
              "FieldId": "Financial.Accounting.Invoice.Items.Total",
              "FieldName": "Total",
              "IsMultiValue": false,
              "Type": "Text",
              "DeriveFieldsFormat": "",
              "Components": [],
              "SetValues": []
            }
          ],
          "SetValues": []
        }
      ]
    },
    {
      "DocumentTypeId": "Financial.Accounting.Receipt",
      "Group": "Financial",
      "Category": "Accounting",
      "Name": "Receipt",
      "OptionalUniqueIdentifier": null,
      "TypeField": {
        "FieldId": "Financial.Accounting.Receipt.DocumentType",
        "FieldName": "Document Type"
      },
      "Fields": [
        {
          "FieldId": "Financial.Accounting.Receipt.Issuer",
          "FieldName": "Issuer",
          "IsMultiValue": false,
          "Type": "Text",
          "DeriveFieldsFormat": "",
          "Components": [],
          "SetValues": []
        },
        {
          "FieldId": "Financial.Accounting.Receipt.Date",
          "FieldName": "Date",
          "IsMultiValue": false,
          "Type": "Date",
          "DeriveFieldsFormat": "",
          "Components": [],
          "SetValues": []
        },
        {
          "FieldId": "Financial.Accounting.Receipt.TotalAmount",
          "FieldName": "Total Amount",
          "IsMultiValue": false,
          "Type": "Number",
          "DeriveFieldsFormat": "",
          "Components": [],
          "SetValues": []
        },
        {
          "FieldId": "Financial.Accounting.Receipt.Items",
          "FieldName": "Items",
          "IsMultiValue": false,
          "Type": "Table",
          "DeriveFieldsFormat": "",
          "Components": [
            {
              "FieldId": "Financial.Accounting.Receipt.Items.Name",
              "FieldName": "Name",
              "IsMultiValue": false,
              "Type": "Text",
              "DeriveFieldsFormat": "",
              "Components": [],
              "SetValues": []
            },
            {
              "FieldId": "Financial.Accounting.Receipt.Items.Quantity",
              "FieldName": "Quantity",
              "IsMultiValue": false,
              "Type": "Text",
              "DeriveFieldsFormat": "",
              "Components": [],
              "SetValues": []
            },
            {
              "FieldId": "Financial.Accounting.Receipt.Items.UnitPrice",
              "FieldName": "Unit Price",
              "IsMultiValue": false,
              "Type": "Text",
              "DeriveFieldsFormat": "",
              "Components": [],
              "SetValues": []
            },
            {
              "FieldId": "Financial.Accounting.Receipt.Items.Total",
              "FieldName": "Total",
              "IsMultiValue": false,
              "Type": "Text",
              "DeriveFieldsFormat": "",
              "Components": [],
              "SetValues": []
            }
          ],
          "SetValues": []
        }
      ]
    }
  ],
  "Groups": [
    {
      "Name": "Financial",
      "Categories": [
        "Accounting"
      ]
    }
  ],
  "SupportedLanguages": [
    {
      "Name": "Undetermined Language",
      "Code": "und"
    },
    {
      "Name": "Bulgarian",
      "Code": "bul"
    },
    {
      "Name": "Cantonese",
      "Code": "yue"
    },
    {
      "Name": "Danish",
      "Code": "dan"
    },
    {
      "Name": "Dutch",
      "Code": "nld"
    },
    {
      "Name": "English",
      "Code": "eng"
    },
    {
      "Name": "French",
      "Code": "fra"
    },
    {
      "Name": "Georgian",
      "Code": "kat"
    },
    {
      "Name": "German",
      "Code": "deu"
    },
    {
      "Name": "Greek",
      "Code": "ell"
    },
    {
      "Name": "Hebrew",
      "Code": "heb"
    },
    {
      "Name": "Hindi",
      "Code": "hin"
    },
    {
      "Name": "Italian",
      "Code": "ita"
    },
    {
      "Name": "Japanese",
      "Code": "jpn"
    },
    {
      "Name": "Korean",
      "Code": "kor"
    },
    {
      "Name": "Macedonian",
      "Code": "mkd"
    },
    {
      "Name": "Mandarin",
      "Code": "zho"
    },
    {
      "Name": "Marathi",
      "Code": "mar"
    },
    {
      "Name": "Norwegian",
      "Code": "nor"
    },
    {
      "Name": "Polish",
      "Code": "pol"
    },
    {
      "Name": "Portuguese",
      "Code": "por"
    },
    {
      "Name": "Romanian",
      "Code": "ron"
    },
    {
      "Name": "Russian",
      "Code": "rus"
    },
    {
      "Name": "Serbian",
      "Code": "srp"
    },
    {
      "Name": "Spanish",
      "Code": "spa"
    },
    {
      "Name": "Swedish",
      "Code": "swe"
    },
    {
      "Name": "Telugu",
      "Code": "tel"
    }
  ]
}